restaurant_id,restaurant_name,menu_item,category,description,price,exclusion_reason
2459105,NEW BEAUTY NAIL BAR LLC,$100 Gift Certficate,Other,$100 gift certificate,100.0,gift certficate
2459105,NEW BEAUTY NAIL BAR LLC,$150 Gift Certificate,Other,$150 gift certificate,150.0,gift certificate
1181358,Jay's Coffee & Cuisine,1lb Coffee Bag,Non-Alcoholic Beverages,,25.0,bag
2395847,MOCHIATSU,Dark Roast Vietnamese Coffee Bag,Non-Alcoholic Beverages,,18.0,bag
2452966,HPH MKT,Membership Vip,Other,,99.99,membership
2467035,Chings Hot Wings,Memphis Delivery Fee,Sides,,50.0,delivery fee
2448371,STREET TACOS,Bag Of Chips,Sides,"our made in-house flour chips, the same chips that are served with our tacos",1.0,bag
1239617,McAlister's 1269,Bag Of Chips,Sides,your meal with a side of crunch.it's the classic side for your classic choice.,2.29,bag
1239609,McAlister's Deli,Bag Of Chips,Sides,your meal with a side of crunch.it's the classic side for your classic choice.,2.29,bag
2260434,McAlister's Deli,Bag Of Chips,Sides,your meal with a side of crunch.it's the classic side for your classic choice.,2.29,bag
2290134,McAlister's Deli,Bag Of Chips,Sides,your meal with a side of crunch.it's the classic side for your classic choice.,2.29,bag
2297660,McAlister's Deli,Bag Of Chips,Sides,your meal with a side of crunch.it's the classic side for your classic choice.,2.29,bag
2282860,McAlister's Deli,Bag Of Chips,Sides,your meal with a side of crunch.it's the classic side for your classic choice.,2.29,bag
2260449,McAlister's Deli,Bag Of Chips,Sides,your meal with a side of crunch.it's the classic side for your classic choice.,2.29,bag
1187527,McAlister's Deli,Bag Of Chips,Sides,your meal with a side of crunch.it's the classic side for your classic choice.,2.29,bag
1187526,McAlister's Deli,Bag Of Chips,Sides,your meal with a side of crunch.it's the classic side for your classic choice.,2.29,bag
1718527,Mississippi Old Town Taco,Bag Of Chips,Sides,,4.55,bag
2450925,TACO CAT,Bag Of Chips,Sides,,2.99,bag
473903,El Mero Restaurant,Bag Of Chips,Appetizers,,5.0,bag
2558506,Railgarten,Bag Of Chips,Sandwiches & Burgers,,1.0,bag
1846760,Lit Cafe & Billiard,Bag Of Chips,Other,,2.35,bag
1528548,LILYS BAKERY & CATERING,Mug-birthday Rabbit- Gift,Other,mug with handles. there is a picture of a rabbit popping out of an open gift box with the words saying happy birthday. inside of the mug is the image of a cupcake.,12.5,gift
2458555,ON THE YARD,Aka Lg Gift Bag,Other,,7.99,gift bag
2460390,The Life Store,Computer Bag,Other,,14.0,bag
2234731,abbays Southaven,Bag Of Ice,Non-Alcoholic Beverages,bag of ice,2.99,bag
2523214,Supreme Hot Wings,Bag Of Ice,Non-Alcoholic Beverages,,1.79,bag
989271,abbays Olive Branch,Bag Of Ice,Entrées,bag of ice,2.99,bag
2123815,SOUTH MEMPHIS GROCERY,Bag Of Ice,Other,,2.73,bag
2458555,ON THE YARD,Zfb Lg Gift Bag,Other,,7.99,gift bag
2510186,Royal Panda Restaurant,Organic Tea Bag,Non-Alcoholic Beverages,organic tea brewed and served hot.,3.0,bag
1706037,Bluff City Crab,Veggie Bag,Other,"three potatoes and three corn. add a cluster, lobster tail, sausage, egg, or broccoli. customize the juiciness to your preference!",8.29,bag
2393802,DICK'S Sporting Goods,"Nike Brasiliatraining Duffel Bag (medium, 60l) (black/black/white)",Wine,,47.0,bag
2255872,SWEET LALA'S BAKERY LLC,Bagels By Bag,Other,,12.0,bag
2255872,SWEET LALA'S BAKERY LLC,Bagels By Bag,Other,,10.0,bag
2255872,SWEET LALA'S BAKERY LLC,Bagels By Bag,Other,,12.0,bag
2255872,SWEET LALA'S BAKERY LLC,Bagels By Bag,Other,,10.0,bag
1090499,Memphis Pizza Cafe,"Happy Hour Discount 15""",Pizzas,,1.5,discount
2459105,NEW BEAUTY NAIL BAR LLC,$200 Gift Certificate,Other,$200 gift certificate,200.0,gift certificate
2458555,ON THE YARD,Dst Sm Gift Bag,Other,,3.99,gift bag
984572,Crazy Lu Seafood Shack,"Bag #3 2 Crab, 1/2 Lb Black Mussel, 1/2 Lb Shrimp, 3 Sausage, 3 Corn, 3 Potato, 2 Eggs",Entrées,,63.49,bag
2458555,ON THE YARD,Sgr Canvas Bag,Other,,49.99,bag
2452966,HPH MKT,Budtndr Membership,Other,,149.99,membership
984572,Crazy Lu Seafood Shack,"Bag #1 1 Crab, 1/2 Lb Shrimp, 2 Sausage, 1 Corn, 2 Potato",Sandwiches & Burgers,,33.49,bag
2409501,Hen House,Cake Cutting Fee,Desserts,,3.0,fee
2447908,Ancient Grounds,Rainforest Retail Bag,Other,,18.5,bag
2452966,HPH MKT,Choc-mint Taffy Bag,Desserts,,69.99,bag
2458555,ON THE YARD,Dst Gift Bag,Other,,5.99,gift bag
2458555,ON THE YARD,Zfb Canvas Bag,Other,,49.99,bag
1181358,Jay's Coffee & Cuisine,4lb Coffee Bag,Non-Alcoholic Beverages,,60.0,bag
1732144,JD Sports,Nike Brasiliatraining Duffel Bag (95l) (one Size),Other,,52.0,bag
1732144,JD Sports,Nike Brasiliatraining Duffel Bag (95l) (one Size),Other,,52.0,bag
2386158,R &amp; R WINE SPIRITS AND MORE,Cakewalk Say Cheese Wine Bag (oz),Desserts,,4.39,bag
984572,Crazy Lu Seafood Shack,"Bag #2 1 Crab, 1 Lobster, 1/2 Lb Shrimp, 2 Sausage, 2 Corn, 3 Potato, 1 Egg",Entrées,,54.99,bag
2452966,HPH MKT,Sm Snack Bag,Desserts,,9.99,bag
2452966,HPH MKT,Sm Snack Bag,Other,,9.99,bag
2452966,HPH MKT,Peppermint Taffy Bag,Desserts,,69.99,bag
2458555,ON THE YARD,Dst Lg Gift Bag,Other,,7.99,gift bag
2456744,SMALL CAKES COLLIERVILLE,Bark- 8 Oz Bag,Other,,10.0,bag
2576124,ALL STAR FAMILY WINGS,Menufy Online Fee,Other,,1.75,fee
1528548,LILYS BAKERY & CATERING,Acrylic Gift Box,Desserts,1 cake topper. a red present that says merry christmas.,4.99,gift box
2458555,ON THE YARD,Zfb Sm Gift Bag,Other,,3.99,gift bag
2458555,ON THE YARD,Aka Mini Jute Bag,Other,,14.99,bag
2386158,R &amp; R WINE SPIRITS AND MORE,True Bag,Other,,4.39,bag
2456744,SMALL CAKES COLLIERVILLE,Farmer's Market Jute Bag,Other,,10.0,bag
1017413,Salsa Mexican Restaurant,Freshly Made Chips One Bag,Other,,1.75,bag
2443841,INSPIRE BY MARCELA BEAUTY SPA,Facial Treatment Booking Fee - Non Refundable,Desserts,,20.0,fee
1528548,LILYS BAKERY & CATERING,Merry Christmas With Silver Gift,Desserts,1 cake topper. it says merry christmas with 2 gifts and 1 pine tree.,3.49,gift
2456744,SMALL CAKES COLLIERVILLE,Valentine Mini Heart Cookie Bag (12),Desserts,,10.0,bag
2456744,SMALL CAKES COLLIERVILLE,Valentine Mini Heart Cookie Bag (12),Desserts,,13.0,bag
2260024,La Roche Lebanese Cuisine,A Bag Of Pita Bread( 5 Pcs),Sides,,6.0,bag
2260024,La Roche Lebanese Cuisine,A Bag Of Pita Bread( 5 Pcs),Sides,bag of 5 soft lebanese-style pitas.,6.0,bag
2576903,CRUMPYS HOT WINGS,Coupon Book,Other,,5.0,coupon
2458555,ON THE YARD,Zfb Gift Bag,Other,,5.99,gift bag
1706037,Bluff City Crab,Shrimp Bag,Entrées,"twelve jumbo shrimp, one corn, and two potatoes.you can add a cluster, lobster tail, sausage, egg or broccoli. you can also make it as juicy as you like!",19.99,bag
2393802,DICK'S Sporting Goods,"Nike Brasiliatraining Duffel Bag (medium, 60l) (iron Grey/black/white)",Wine,,47.0,bag
2393802,DICK'S Sporting Goods,"Nike Brasiliatraining Duffel Bag (medium, 60l) (iron Grey/black/white)",Wine,,47.0,bag
2395847,MOCHIATSU,Light Roast Vietnamese Coffee Bag,Non-Alcoholic Beverages,,18.0,bag
2458555,ON THE YARD,Apa Gift Bag,Other,,5.99,gift bag
14908,Brookhaven Pub & Grill,Bag-o-mess,Appetizers,"kielbasa sausage kicked up with sweet and sour sauce, tabasco jalapenos, peppers and onions",9.0,bag
1706037,Bluff City Crab,Create Your Own Bag!,Other,select this option if you would like to make a bag! you are able to make your bag your own with what ever you like!,1.39,bag
2452966,HPH MKT,Lg Snack Bag,Desserts,,19.99,bag
2452966,HPH MKT,Lg Snack Bag,Other,,19.99,bag
2459105,NEW BEAUTY NAIL BAR LLC,$50 Gift Certificate,Other,$50 gift certificate,50.0,gift certificate
2475653,JUNIOR LEAGUE OF MEMPHIS,Canvas Weekender Bag,Other,,40.0,bag
2363984,Brooklyn Bridge Italian Restaurant,Corkage Fee,Non-Alcoholic Beverages,,15.0,fee
2458555,ON THE YARD,Sgr Mini Jute Bag,Other,,14.99,bag
2403318,Bain Barbecue,Bag Of Martins Buns,Sides,,18.0,bag
2153578,Delta Steakhouse,"Cheese Cubes, 1 Bag",Other,,5.0,bag
2459105,NEW BEAUTY NAIL BAR LLC,Party Of 8 + Room Fee,Other,,157.0,fee
2535374,MIKES HOT WINGS,Bag Ice,Non-Alcoholic Beverages,,2.5,bag
1528548,LILYS BAKERY & CATERING,Merry Christmas With Golden Gift,Desserts,1 cake topper. it says merry christmas with 2 gifts and 1 pine tree.,3.49,gift
2460390,The Life Store,Purple & Gold Duffle Bag,Other,,20.0,bag
2458555,ON THE YARD,Aka Canvas Bag,Other,,49.99,bag
2521457,Playa Bowls,Playanola Bag,Appetizers,1lb bag of blueberry flax granola - take home today!,12.0,bag
2401240,Brown Jug Liquor Store,Party Ice Bag (7 Lb),Other,,2.99,bag
2401240,Brown Jug Liquor Store,Party Ice Bag (7 Lb),Other,,2.99,bag
2458555,ON THE YARD,Opp Gift Bag,Other,,5.99,gift bag
2475653,JUNIOR LEAGUE OF MEMPHIS,Reusable Grocery Bag,Other,,5.0,bag
1652617,Tackers Shake Shack Marion,Ice Bag,Other,,3.0,bag
2192338,Tacker's Shake Shack Wynne Tacker’s Shake Shack,Ice Bag,Other,,3.0,bag
2123815,SOUTH MEMPHIS GROCERY,Ice Bag,Other,,2.0,bag
2458555,ON THE YARD,Dst Canvas Bag Blk,Other,,58.99,bag
2458555,ON THE YARD,Kay Gift Bag,Other,,5.99,gift bag
1089989,PITA MEDITERRANEAN GRILL,Bag Pita Bread,Sides,,4.99,bag
2402066,Maeve's Tavern,Irish Spice Bag,Appetizers,"seasoned crispy chicken thigh pieces, fries, sweet peppers, red onion, chili mayo",14.0,bag
2402066,Maeve's Tavern,Irish Spice Bag,Appetizers,"seasoned crispy chicken thigh pieces, fries, sweet peppers, red onion, chili mayo",14.0,bag
2402066,Maeve's Tavern,Irish Spice Bag,Appetizers,"seasoned crispy chicken thigh pieces, fries, sweet peppers, red onion, chili mayo",14.0,bag
2200589,Pilot Pizza,Bourbon Pecan Take Home Coffee Bag,Non-Alcoholic Beverages,"rich, smoky flavor with a smooth finish makes our bourbon pecan a holiday hit among highway coffee aficionados. with this 12 oz bag of ground bourbon pecan coffee, you can brew a cup (or a pot) and savor the season at home or wherever the road takes you.",11.29,bag
1683390,Finish Line,"Nike Brasiliagym Training Duffel Bag, L, Black/white",Wine,,52.0,bag
2459105,NEW BEAUTY NAIL BAR LLC,$75 Gift Certificate,Other,$75 gift certificate,75.0,gift certificate
1718527,Mississippi Old Town Taco,Bag Of Chips/bolsa De Tortilla Frita,Appetizers,,4.55,bag
2286396,Uncle Lou's Southern Kitchen,8 Lb Bag Of Ice,Other,,1.98,bag
2579407,Swanky's Taco Shop,X-large Bag Of Chips/ 32 Ounce Queso - Wundy Special,Appetizers,x-large bag of swanky's signature chips and a 32oz container of delicious swanky's queso,36.0,bag
1090499,Memphis Pizza Cafe,"Happy Hour Discount 13""",Pizzas,,1.0,discount
2395847,MOCHIATSU,Medium Roast Vietnamese Coffee Bag,Non-Alcoholic Beverages,,18.0,bag
2448371,STREET TACOS,Bag Of Corn Chips,Sides,our made in-house corn chips,1.0,bag
1732144,JD Sports,Nike Brasiliatraining Extra Small Duffel Bag (25l) (one Size),Appetizers,,37.0,bag
1509560,Taco Riot,Chips Bag,Sides,,1.29,bag
1706037,Bluff City Crab,Crab Bag,Entrées,"one snow crab cluster, one corn, and two potatoes.you can add a cluster, lobster tail, sausage, egg or broccoli. you can also make it as juicy as you like!",39.99,bag
2123815,SOUTH MEMPHIS GROCERY,Delivery Fee,Sandwiches & Burgers,,40.0,delivery fee
1846760,Lit Cafe & Billiard,Bag Of Nuts,Other,,2.35,bag
2458555,ON THE YARD,Aka Canvas Bag Blk,Other,,58.99,bag
2443841,INSPIRE BY MARCELA BEAUTY SPA,Lash Booking Fee - Non Refundable,Other,,20.0,fee
2476898,RIVERARTSFEST INC,Tote Bag,Other,,10.0,bag
2556262,CEDARS RESTAURANT INC,Bag Of Pita,Sandwiches & Burgers,,3.29,bag
2165636,Ali Baba Mediterranean Grill,Bag Of Pita,Sides,,5.9,bag
2456443,ALI BABA RESTAURANT,Bag Of Pita,Sides,,5.0,bag
2458555,ON THE YARD,Dst Canvas Bag,Other,,49.99,bag
2458555,ON THE YARD,Sgr Lg Gift Bag,Other,,7.99,gift bag
2452966,HPH MKT,Membership,Other,,49.99,membership
2338882,Tops Bar-B-Q #22,Bag Of Potato Chips,Sides,assorted flavors from brim,1.79,bag
1968978,Tops Bar-B-Q,Bag Of Potato Chips,Sides,assorted flavors from brim,1.79,bag
717376,Tops Bar-B-Q,Bag Of Potato Chips,Sides,assorted flavors from brim,1.79,bag
1741259,Tops Bar-B-Q Millington,Bag Of Potato Chips,Sides,assorted flavors from brim,1.79,bag
755485,Tops Bar-B-Q  Bartlett,Bag Of Potato Chips,Sides,assorted flavors from brim,1.79,bag
671141,Tops Bar-B-Q Jackson,Bag Of Potato Chips,Sides,assorted flavors from brim,1.79,bag
2500650,Tops Bar-B-Q Southaven,Bag Of Potato Chips,Sides,assorted flavors from brim,1.79,bag
666035,Tops Bar-B-Q,Bag Of Potato Chips,Sides,assorted flavors from brim,1.79,bag
987401,Tops Bar-B-Q,Bag Of Potato Chips,Sides,assorted flavors from brim,1.79,bag
2567607,Tops Bar-B-Q Cordova,Bag Of Potato Chips,Sides,assorted flavors from brim,1.79,bag
2013330,Tops Bar-B-Q Poplar,Bag Of Potato Chips,Sides,assorted flavors from brim,1.79,bag
420149,Tops Bar-B-Q,Bag Of Potato Chips,Sides,assorted flavors from brim,1.79,bag
859921,Tops Bar-B-Q,Bag Of Potato Chips,Sides,assorted flavors from brim,1.79,bag
2500649,Tops Bar-B-Q Winchester,Bag Of Potato Chips,Sides,assorted flavors from brim,1.79,bag
1030971,Tops Bar-b-q,Bag Of Potato Chips,Sides,assorted flavors from brim,1.79,bag
2200589,Pilot Pizza,Ritz Bitz Cheese Big Bag 3 Oz,Sides,"delicious ritz bitz sandwich crackers are tiny, bite-size versions of the ritz cracker sandwiches you know and love.",2.79,bag
2463408,Biscuits and Jams Downtown Memphis,Cutting Fee,Desserts,,10.0,fee
2458555,ON THE YARD,Sgr Gift Bag,Other,,5.99,gift bag
2568582,Cheffie's Cafe,12oz Bag Of Coffee Beans,Non-Alcoholic Beverages,big sound beans: smoky beat big flavor,20.0,bag
2200589,Pilot Pizza,Pilot House Take Home Coffee Bag,Non-Alcoholic Beverages,"it's known as the best coffee on the interstate(r), but that doesn't mean you can't brew it fresh in the comfort of your kitchen. this 12 oz bag of ground pilot house coffee will rev up your day, whether in a cupholder or your favorite mug at home. grab a bag and start brewing.",10.19,bag
984572,Crazy Lu Seafood Shack,"Bag #4 3 Crab, 1/2 Lb Shrimp, 3 Sausage, 3 Corn, 3 Potato, 3 Eggs",Entrées,,71.99,bag
1420044,Bone's Wings,Bag Nacho,Sides,,8.0,bag
1528875,MOJAMA DAR ALHAJAR,Bag Fresh Pita Bread,Sides,8 pc of soft and delicious pita bread for your favorite food.,4.49,bag
2458555,ON THE YARD,Sgr Sm Gift Bag,Other,,3.99,gift bag
2286396,Uncle Lou's Southern Kitchen,Bulk Bag-o- Fries 14-16 Serv,Sides,,18.88,bag
2459105,NEW BEAUTY NAIL BAR LLC,24-hour Party Cancellation Fee,Other,,53.0,fee
2458555,ON THE YARD,Aka Sm Gift Bag,Other,,3.99,gift bag
2118830,BIG MYRTS WINGS & THINGS,Service Charge,Sandwiches & Burgers,,3.5,service charge
2458555,ON THE YARD,Aka Gift Bag,Other,,5.99,gift bag
2443841,INSPIRE BY MARCELA BEAUTY SPA,Evaluation Fee- Non Refundable,Other,,25.0,fee
1266758,Broken Cup Cafe,Numi Tea Bag,Non-Alcoholic Beverages,,2.25,bag
1166258,Broken Cup Cafe,Numi Tea Bag,Non-Alcoholic Beverages,,2.25,bag
2165636,Ali Baba Mediterranean Grill,Party Change Fee,Entrées,,4.75,fee
2456443,ALI BABA RESTAURANT,Party Change Fee,Entrées,,4.0,fee
