FIPS,ESTAB,EMP
01001,89,2077
01003,513,10428
01005,36,539
01099,27,291
01009,51,756
01013,30,571
01023,17,124
01029,8,109
01035,13,208
01037,3,10
01041,13,250
01047,42,638
01051,111,1955
01055,173,3410
01057,21,308
01063,3,7
01079,39,483
01109,62,1143
01007,14,180
01011,4,68
01015,183,3896
01017,54,752
01019,33,536
01021,51,839
01025,45,591
01027,15,143
01031,92,1634
01033,97,1745
01039,56,984
01043,125,2669
01045,66,848
01049,83,1583
01053,62,907
01059,40,668
01061,30,324
01065,13,179
01067,21,211
01069,238,4652
01071,68,1022
01073,1258,24594
01075,17,166
01077,167,3350
01081,340,6454
01083,108,1903
01087,16,198
01089,737,15287
01091,31,404
01093,45,518
01095,175,3458
01097,604,12750
01101,412,7952
01103,190,3703
01105,7,29
01107,14,123
01111,27,400
01113,84,1510
01115,113,1939
01117,366,7872
01131,10,125
02050,14,82
02060,3,3
02068,10,20
02100,9,37
02188,4,25
02195,8,25
02220,23,241
02240,9,76
02275,4,16
04001,28,396
04007,98,1558
04012,42,494
01123,59,1023
01119,15,179
01121,94,2076
01125,359,7788
01127,90,1650
01129,6,55
01133,22,329
02016,6,43
02020,571,9187
02063,22,80
02066,6,34
02070,3,6
02090,166,2601
02110,67,795
02122,167,1109
02130,34,272
02150,21,250
02170,165,2239
02180,9,63
02185,9,48
02198,10,66
02230,13,52
04003,176,2949
04005,355,7888
04009,47,917
04011,7,86
04013,7596,168974
04015,343,5878
04017,165,2661
04019,1574,35393
04021,334,6863
04023,70,961
05027,35,584
05029,24,340
05039,7,123
05041,20,286
05059,30,435
05075,24,312
05079,12,97
05087,11,190
05099,7,51
05103,30,420
05113,31,369
05127,10,117
05131,249,5537
05135,24,243
05141,15,370
05001,32,403
04025,434,7747
04027,268,5819
05003,20,335
05005,73,1243
05007,459,10185
05009,65,1157
05011,11,154
05013,4,15
05015,73,821
05017,9,86
05019,35,662
05021,18,179
05023,50,689
05031,216,4508
05033,78,1485
05035,66,1111
05037,24,341
05043,30,447
05045,223,4672
05047,21,297
05049,8,150
05051,228,4320
05053,17,253
05055,67,1106
05057,24,333
05061,21,285
05063,58,1124
05067,16,273
05065,11,100
05069,93,1460
05071,33,520
05073,4,44
05077,7,51
05081,15,212
05083,25,283
05085,82,1786
05089,18,153
05091,52,836
05093,66,932
05095,13,190
05097,7,61
05101,4,56
05105,7,74
05109,12,170
05107,18,231
05111,30,392
05115,113,2158
05117,10,48
05119,849,16386
05121,25,355
05123,26,369
05125,160,3267
05129,13,118
05133,19,298
05137,21,284
05139,57,947
05143,495,10591
05145,121,2350
05147,8,89
05149,18,233
06005,75,1112
06001,3655,50547
06003,4,33
06007,372,6675
06009,90,893
06011,28,391
06013,1938,31035
06015,33,430
06017,394,5714
06019,1578,29079
06021,41,487
06023,266,3657
06025,229,3842
06027,51,715
06029,1338,24650
06031,187,3186
06033,98,1022
06035,28,422
06037,21228,361154
06039,177,2608
06043,29,321
06041,568,10179
06045,205,2590
06047,338,5803
06049,13,98
06051,67,1032
06053,812,14163
06055,276,6737
06057,196,2780
06059,7613,140497
06061,890,17577
06063,56,253
06065,3896,77327
06067,2849,50913
06069,87,1489
06075,3212,42534
06071,3658,67036
06073,6795,128348
06077,1124,20072
06079,763,12770
06081,1703,26496
06083,958,17673
06085,4071,65368
06087,571,9461
06089,331,5370
06091,10,32
06093,83,1043
06095,705,12249
06103,87,1059
08019,34,567
08027,13,124
08039,22,307
08047,5,39
08055,17,131
08065,16,224
08073,11,186
08081,25,321
08095,7,36
08107,112,2266
08109,6,36
08121,3,35
09110,1937,31313
06101,156,2894
06097,1022,16654
06099,867,16643
06105,20,135
06107,632,11222
06109,116,1422
06111,1516,29376
06113,363,6664
06115,67,919
08001,729,15384
08003,33,577
08005,1209,24291
08007,42,691
08013,765,15025
08014,148,2861
08015,81,1064
08021,6,52
08023,4,25
08029,59,573
08031,1884,39230
08033,7,28
08035,550,13162
08037,199,4590
08041,1223,25718
08043,72,1111
08045,159,2350
08049,89,1097
08051,72,984
08053,8,23
08057,7,38
08059,1079,20826
08063,15,200
08067,143,2478
08069,745,15935
08071,36,403
08075,34,542
08077,256,5561
08079,6,17
08083,54,753
08085,74,1242
08087,41,628
08089,34,507
08091,31,299
08093,24,170
08097,101,2716
08099,19,254
08101,261,5183
08103,14,84
08105,27,297
08111,13,54
08113,48,898
08115,4,46
08117,223,4662
08119,46,527
08123,437,8624
08125,20,179
12003,38,738
09140,789,9722
09120,594,8161
09130,400,4660
09150,149,2013
09160,214,2329
09170,1260,17131
09180,615,9311
09190,1513,20373
10001,284,5713
10003,1066,19951
10005,560,10231
11001,2046,40920
12001,517,11222
12005,397,8467
12007,32,526
12009,1064,21840
12011,3689,66762
12039,38,434
12041,18,282
12059,18,254
12015,257,5782
12013,12,192
12017,185,3637
12019,299,6149
12021,796,18959
12023,105,2652
12027,24,362
12029,18,210
12031,1852,37048
12033,499,12439
12035,170,3380
12037,34,525
12043,5,80
12047,10,102
12045,35,476
12049,26,332
12051,53,1039
12053,243,5393
12055,126,2583
12057,2371,45659
12061,259,5161
12063,60,919
12065,17,271
12067,6,36
12069,562,11287
13075,23,401
13201,7,68
12075,63,914
12071,1344,29042
12073,588,12486
12079,21,177
12081,637,13584
12083,462,9424
12085,381,7567
12086,5042,88932
12087,352,6726
12089,158,3417
12091,488,10262
12093,45,788
12095,3054,66382
12097,665,14082
12099,2783,56445
12105,814,18307
12117,880,17482
12123,31,453
12125,6,65
13019,20,247
13027,11,104
13033,31,440
13049,11,231
13055,23,453
13071,58,1006
13083,15,284
13091,17,216
13093,11,70
13099,15,165
13103,67,998
13133,27,436
13139,323,6486
13147,37,607
13155,5,47
13159,18,241
13163,21,240
13167,7,63
13181,12,112
13191,20,293
13199,17,135
12101,736,13975
12103,2003,38589
12107,86,1399
12109,591,12804
12111,427,8894
12113,222,4640
12115,877,18492
12119,161,3973
12121,52,792
12127,1031,21729
12129,35,610
12131,243,4441
12133,34,437
13001,30,513
13003,7,45
13005,13,101
13009,87,1913
13011,32,788
13013,108,2328
13015,172,3776
13017,24,330
13021,369,7560
13023,17,231
13025,13,145
13029,66,1178
13031,139,3571
13035,42,629
13037,3,9
13039,86,1888
13043,20,333
13045,215,4414
13047,100,2147
13051,824,16957
13053,11,153
13057,402,9534
13059,295,7086
13063,374,5715
13065,11,154
13067,1525,30216
13069,60,1578
13073,258,5576
13077,212,4674
13079,5,32
13081,43,858
13085,82,1747
13087,42,720
13089,1455,23120
13095,183,3554
13097,224,4896
13105,18,424
13107,34,404
13109,17,333
13111,63,1028
13113,279,6051
13115,158,4185
13117,370,6980
13119,50,1048
13121,2969,58927
13123,65,1029
13127,231,4304
13129,77,1653
13131,27,396
13135,2076,30508
13137,71,1267
13141,8,20
13143,46,722
13145,32,513
13149,8,60
13151,393,7653
13153,313,6956
13157,85,1555
13161,23,387
13165,12,226
13169,29,513
13171,23,263
13173,8,121
13175,93,2094
13177,23,406
13179,107,2062
13183,8,39
13185,232,5584
13187,45,1121
13189,39,669
13193,13,132
13195,21,219
13197,10,61
13207,29,598
13221,7,85
13227,53,769
13243,6,33
13267,18,301
13269,6,62
13271,17,150
13289,4,30
13291,41,779
13293,41,763
13205,24,328
13209,5,54
13211,42,820
13213,40,577
13215,424,8426
13217,129,2494
13219,73,1729
13223,176,3995
13225,48,811
13229,28,384
13231,18,183
13233,60,1107
13235,20,332
13237,25,436
13241,52,578
13245,340,8243
13247,169,3913
13249,3,19
13251,13,144
13253,9,123
13255,112,2011
13257,34,574
13261,45,813
13273,12,169
13275,83,1508
13277,97,2271
13279,55,1019
13281,30,390
13283,5,49
13285,133,2532
13287,10,147
13311,70,1186
13317,11,144
13319,5,16
13321,16,164
16001,962,20958
16007,10,110
16021,15,132
16023,4,30
16029,8,83
16035,19,146
16057,72,1280
16077,10,83
13295,55,751
13297,119,2428
13299,76,1608
13303,22,427
13305,55,873
13313,173,3326
13315,4,6
15001,386,5772
15003,2177,37050
15007,207,3514
15009,385,8002
16003,7,44
16005,154,3029
16009,17,167
16011,48,879
16013,99,1401
16015,17,121
16017,102,1209
16019,223,5173
16025,3,10
16027,292,6525
16031,51,878
16037,12,62
16039,46,813
16041,17,250
16043,23,167
16045,25,357
16047,20,264
16049,31,195
16051,27,338
16053,29,372
16055,366,6541
16059,23,193
16061,8,64
16063,4,22
16065,70,1482
16067,21,213
16069,73,1587
16071,8,69
16073,17,186
16079,30,337
17009,6,49
17021,45,751
17025,17,186
17041,36,623
17051,35,482
17059,6,39
17071,7,61
16075,26,396
16081,36,423
16083,188,3962
16085,46,506
16087,18,239
17001,111,2370
17003,6,21
17005,20,274
17007,58,690
17011,47,630
17013,12,81
17015,22,201
17017,16,134
17019,428,7189
17023,36,398
17027,54,927
17029,94,1676
17031,10174,165313
17033,32,495
17035,10,88
17037,160,2718
17039,23,316
17043,1896,36861
17045,29,368
17047,6,25
17049,72,1640
17053,23,237
17055,65,965
17057,53,634
17061,14,176
17063,96,1624
17065,5,97
17067,25,167
17069,3,8
17073,78,1005
17075,40,514
17077,101,1907
17079,13,120
17081,57,1113
17083,38,476
17085,50,668
17087,12,134
17089,862,15364
17091,175,3585
17101,16,202
17103,51,821
17105,58,675
17107,44,639
17125,17,154
17127,21,288
17129,10,142
17137,54,1007
17147,17,172
17153,3,42
17157,52,620
17161,275,4479
17169,12,115
17173,24,367
17097,1262,20617
17093,207,4066
17095,87,1290
17099,217,2994
17109,47,700
17111,520,8700
17113,282,6505
17115,169,3081
17117,56,624
17119,464,9309
17121,57,940
17123,22,316
17131,21,263
17133,56,1133
17135,50,648
17139,11,148
17141,69,936
17143,329,5667
17145,27,412
17149,21,222
17155,8,29
17159,29,485
17163,385,7800
17165,38,678
17167,395,7574
17171,5,17
17175,3,11
17177,58,815
17179,215,4575
17181,29,365
17183,104,1664
17185,14,288
17187,26,364
17189,13,202
17191,30,360
17193,20,308
17195,83,1242
17197,1120,21182
18013,27,523
18017,57,756
18031,44,831
18073,47,736
18077,55,940
17201,480,9709
17199,114,2549
17203,41,620
18001,42,778
18003,649,15221
18005,141,3330
18009,15,273
18007,8,59
18011,110,2674
18015,30,331
18019,210,5232
18021,41,544
18023,46,776
18025,11,117
18027,44,657
18029,65,1547
18033,70,1371
18035,182,4553
18037,92,1908
18039,343,6265
18041,42,711
18043,151,3286
18045,23,314
18047,35,661
18049,40,484
18051,50,889
18053,105,2183
18055,38,534
18057,680,16418
18059,110,2205
18061,43,930
18063,316,7113
18065,57,1029
18067,162,3631
18069,64,1015
18071,80,1409
18075,25,418
18079,22,381
18081,300,6402
18083,63,1189
18087,36,549
18101,17,199
18109,92,1643
18121,17,262
18123,32,423
18125,10,104
18129,32,353
18133,48,895
18147,20,191
18171,5,19
19003,7,65
19009,9,85
19181,59,895
18089,890,17017
18085,142,2449
18091,185,3364
18093,42,937
18095,187,3591
18097,1832,36351
18099,74,1260
18103,46,700
18105,282,6534
18107,63,1080
18111,16,358
18113,62,1092
18115,5,48
18117,34,484
18119,23,314
18127,304,6249
18131,22,222
18135,36,492
18137,37,631
18139,23,283
18141,470,9911
18143,29,659
18145,70,1280
18149,21,360
18151,72,1171
18153,30,393
18155,9,65
18157,355,8052
18159,18,399
18161,10,94
18163,380,8702
18165,19,388
18167,200,4612
18169,52,684
18173,76,1365
18175,25,425
18177,114,2663
18179,31,532
18181,39,508
18183,51,900
19001,10,239
19005,27,166
19007,17,229
19011,22,220
19023,15,81
19033,99,1945
19035,22,286
19037,16,142
19039,11,187
19051,9,62
19065,28,280
19069,12,129
19077,17,195
19083,21,233
19085,22,247
19089,11,118
19091,15,156
19093,8,37
19097,27,349
19099,44,637
19105,25,255
19115,9,50
19117,12,76
19131,13,123
19135,9,124
19139,82,1102
19141,21,293
19143,6,74
19159,9,60
19173,8,47
19177,6,38
20139,25,244
19017,35,497
19019,23,299
19013,229,5004
19015,28,379
19021,23,363
19025,9,63
19027,39,582
19029,23,308
19031,18,245
19041,38,478
19043,38,256
19045,77,1241
19047,23,253
19049,159,3051
19053,7,48
19055,25,249
19057,71,1413
19059,70,749
19061,163,3266
19063,10,125
19067,20,258
19071,12,177
19073,13,115
19075,15,119
19079,14,202
19081,11,75
19087,26,311
19095,21,279
19101,32,213
19103,340,6614
19107,11,100
19109,28,295
19111,50,737
19113,409,7993
19119,13,64
19121,17,232
19123,28,525
19125,59,934
19127,48,875
19129,14,185
19133,17,154
19137,19,260
19145,24,376
19147,17,170
19149,38,677
19151,8,64
19153,897,18070
19155,141,2986
19157,33,356
19161,17,110
19163,363,7298
19165,17,171
19167,48,847
19169,180,3715
19171,19,200
19175,21,313
19179,60,938
19185,5,71
19189,16,174
19191,32,494
19197,18,158
20003,12,188
20007,8,55
20023,8,49
20029,18,252
20031,13,113
20037,68,1351
20043,5,55
20047,6,41
20053,10,43
20061,48,1063
20063,5,61
20067,13,206
20073,9,83
20079,55,903
20081,6,34
20095,13,163
20097,3,28
20099,32,372
20107,7,53
20115,16,145
20117,15,148
20119,5,33
20137,7,98
20141,4,25
19183,29,300
19187,54,1170
19193,194,3853
19195,6,40
20001,25,298
20005,25,397
20009,41,659
20011,29,368
20013,20,203
20015,95,1553
20019,4,61
20021,27,297
20027,12,158
20033,4,19
20035,46,829
20039,3,24
20041,26,307
20045,240,5289
20049,4,43
20051,73,1419
20055,69,1292
20057,60,905
20059,40,609
20065,5,35
20069,14,64
20075,7,28
20077,10,83
20085,16,176
20087,15,137
20089,5,37
20091,1090,26194
20093,5,55
20101,3,20
20103,93,1403
20105,7,24
20109,8,85
20111,69,1113
20113,50,724
20121,49,658
20123,13,143
20125,55,798
20127,10,108
20131,17,206
20133,26,302
20143,4,39
20153,6,28
20155,108,2186
20157,8,88
20167,14,258
20175,37,704
20181,18,231
20145,8,90
20147,11,73
20149,35,676
20151,24,521
20159,17,198
20161,113,3065
20163,11,63
20165,3,17
20169,103,2384
20171,16,142
20173,991,21777
20179,6,68
20183,6,39
20189,6,97
20195,8,123
20197,8,40
20201,10,68
20203,3,22
21003,17,338
21007,9,74
21023,9,108
21033,25,385
21057,7,30
21061,7,45
21071,38,612
21079,13,120
21091,6,60
21121,35,718
21125,85,2125
21133,24,418
21139,6,277
20177,274,5729
20185,9,48
20187,3,32
20191,31,380
20193,19,260
20205,19,183
20207,8,38
20209,225,4337
21001,22,440
21005,35,489
21009,73,1696
21011,11,101
21013,48,930
21015,258,6018
21017,28,476
21019,115,2858
21021,59,1211
21025,9,202
21027,15,255
21029,76,1901
21031,12,162
21035,66,1601
21037,185,4198
21039,3,12
21041,17,361
21043,29,607
21045,11,202
21047,106,1953
21049,54,972
21051,15,281
21053,19,185
21055,11,172
21059,172,4116
21065,15,204
21067,672,16580
21069,8,190
21073,97,1940
21075,11,162
21077,4,112
21081,36,743
21083,44,811
21085,32,606
21087,10,152
21089,33,678
21093,173,4071
21095,33,481
21097,25,446
21099,12,240
21101,68,1425
21103,13,272
21107,65,1367
21109,7,56
21111,1428,32682
21113,76,1664
21115,30,464
21117,260,5868
21119,6,93
21123,16,242
21127,19,323
21129,6,126
21131,4,67
21135,6,72
21137,16,287
21141,31,442
21143,14,265
21145,179,3883
21147,15,242
21149,12,83
21153,12,240
21159,15,167
21169,10,116
21175,10,211
21187,10,138
21207,31,472
21211,71,1669
21223,3,72
21237,9,50
22003,22,319
22007,10,105
22013,10,102
22021,6,74
22023,3,14
22027,6,84
22029,19,188
22031,24,346
21155,25,425
21151,115,3308
21157,49,795
21161,37,772
21163,29,465
21167,25,357
21171,15,207
21173,39,904
21177,48,632
21179,56,1213
21183,25,527
21185,64,1377
21189,3,13
21191,10,164
21193,35,682
21195,91,1572
21197,15,279
21199,85,2176
21203,14,241
21205,44,1024
21209,87,2131
21213,43,756
21215,15,210
21217,37,798
21219,11,97
21221,19,286
21225,21,230
21227,247,6291
21229,14,186
21231,18,452
21233,11,128
21235,59,1058
21239,41,847
22001,70,1178
22005,208,3683
22009,36,510
22011,43,713
22015,223,4873
22017,409,8671
22019,329,6032
22025,5,44
22043,3,16
22049,17,220
22065,8,121
22081,10,112
22083,15,225
22085,18,301
22089,61,839
22091,3,10
22119,54,718
22033,901,18750
22035,3,6
22037,13,159
22039,22,246
22041,21,367
22045,88,1431
22047,35,393
22051,908,14440
22053,47,813
22055,563,12563
22057,113,2074
22059,22,200
22061,89,1996
22063,179,3883
22067,24,339
22069,60,1193
22071,1094,19309
22073,245,5536
22075,40,471
22077,28,273
22079,198,3848
22087,71,1441
22093,19,260
22095,52,703
22097,86,1419
22099,51,917
22101,68,1101
22103,558,10398
22105,235,4999
22107,3,18
22109,174,3610
22111,19,179
22113,62,922
22115,54,778
22117,58,804
22121,48,988
22123,11,112
22125,17,405
22127,13,208
23001,199,3216
23003,105,1035
23005,835,12360
23007,73,921
23009,202,1025
23011,223,3568
23013,110,1076
23015,97,671
23017,95,1113
23019,254,4399
23021,27,259
24011,29,352
24037,172,3800
23025,86,820
23023,68,896
23027,61,495
23029,51,385
23031,520,6217
24001,114,2581
24003,1069,23961
24005,1418,25165
24009,128,2630
24013,251,5327
24015,135,3028
24017,232,5512
24019,47,752
24021,449,8867
24023,64,1145
24025,359,7896
24027,590,11401
24029,39,472
24031,1678,28050
24033,1297,24030
24035,78,1784
24039,15,172
24041,100,1587
25017,3194,49673
24047,359,4986
24043,262,4958
24045,171,3381
24510,1177,15209
25001,805,9168
25003,339,3885
25005,1089,19063
25007,110,441
25009,1546,24766
25011,124,1404
25013,735,11891
25015,305,4470
25019,79,443
25021,1452,25561
25023,996,18666
26037,86,1419
26071,24,190
26001,16,112
25027,1439,21890
25025,2074,38227
26003,23,147
26005,164,2485
26007,53,890
26009,41,484
26011,28,264
26013,13,120
26015,62,1315
26017,143,2905
26019,40,403
26021,286,5216
26023,58,1033
26025,197,3863
26027,49,670
26029,63,717
26031,69,732
26033,60,733
26035,51,787
26039,28,382
26041,55,833
26043,52,692
26045,175,3482
26047,95,1338
26049,586,12246
26051,31,427
26053,33,334
26055,213,3837
26057,51,781
26059,51,841
26061,78,1127
26063,69,683
26065,518,10379
26067,70,1313
26069,47,554
26073,113,2577
26075,204,4401
26077,470,9956
26089,59,503
26107,63,1023
26131,12,104
26135,11,116
26157,48,678
26083,5,17
26079,21,366
26081,1131,24444
26085,15,130
26087,113,2376
26091,137,2575
26093,261,5422
26095,13,172
26097,55,315
26099,1511,25484
26101,42,444
26103,120,2234
26105,55,966
26109,40,447
26111,124,2487
26113,16,148
26115,197,3919
26117,70,1166
26119,22,143
26121,251,4942
26123,54,714
26125,2582,44856
26127,40,317
26129,46,731
26133,28,471
26137,49,964
26139,369,7958
26141,22,277
26143,51,628
26145,304,7010
26147,227,4422
26149,83,1414
26151,53,699
26153,18,185
26155,88,1516
27011,12,91
27023,14,235
27029,11,158
27033,10,210
27053,2361,49826
27059,41,1002
27063,14,197
27073,11,92
26163,2913,47733
26159,120,1780
26161,667,12371
26165,62,1090
27001,31,357
27003,461,11212
27005,42,722
27007,74,1470
27009,36,698
27013,136,3461
27015,45,873
27017,34,559
27019,136,2931
27021,50,507
27025,65,1119
27027,72,1174
27031,19,197
27035,143,2418
27037,609,13342
27039,21,171
27041,77,1413
27043,21,247
27045,37,325
27047,47,743
27049,67,1378
27051,5,22
27055,18,184
27057,41,418
27061,56,1035
27065,19,256
27067,69,1201
27069,5,28
27071,24,302
27087,7,41
27091,30,556
27095,47,676
27105,28,470
27107,4,39
27113,22,339
27117,14,257
27119,39,656
27121,17,223
27133,12,179
27143,14,128
27149,17,291
27151,18,170
27157,37,326
27173,15,137
28001,49,991
28007,30,375
28013,10,95
28015,4,32
28023,17,190
28025,26,578
27079,22,227
27075,29,343
27077,9,81
27081,6,43
27083,45,747
27085,51,980
27089,14,43
27093,22,343
27097,53,688
27099,46,849
27101,13,129
27103,39,781
27109,272,6265
27111,101,1273
27115,43,570
27123,945,18143
27125,6,32
27127,18,226
27129,13,81
27131,87,1655
27135,22,140
27137,333,6792
27139,192,3840
27141,97,2281
27145,272,5450
27147,53,1122
27153,28,312
27155,3,14
27159,25,332
27161,27,281
27163,363,9286
27165,14,192
27169,76,1226
27171,175,3791
28003,68,1062
28005,8,62
28011,53,867
28017,15,277
28019,8,70
28021,3,61
28027,32,502
28029,34,503
28031,21,365
28033,351,8323
28041,4,119
28053,6,86
28057,35,443
28061,13,175
28065,6,57
28095,48,634
28103,9,127
28107,44,813
28133,25,404
28135,8,67
28155,12,152
28163,25,322
29003,10,181
29013,20,306
29015,32,375
29027,53,917
28039,35,563
28035,162,3692
28043,40,763
28045,95,1337
28047,408,9387
28049,363,6908
28051,10,73
28059,220,4212
28067,109,1937
28069,4,18
28071,146,3754
28073,126,2881
28075,135,2931
28077,10,94
28079,25,414
28081,220,4606
28083,45,855
28085,56,1111
28087,98,2049
28089,260,5797
28091,40,563
28093,32,405
28097,15,271
28099,46,775
28101,20,279
28105,104,3041
28109,83,1299
28111,8,59
28113,75,1521
28115,39,664
28117,37,511
28119,3,34
28121,318,6036
28123,36,575
28125,4,34
28127,31,546
28129,11,79
28131,25,454
28137,44,560
28139,32,390
28141,33,301
28143,19,339
28145,42,966
28147,12,149
28149,86,1598
28151,67,1242
28153,26,483
28159,24,508
28161,18,193
29001,40,906
29005,6,66
29007,25,303
29009,48,738
29011,13,231
29017,7,63
29019,345,7847
29021,159,3454
29023,74,1516
29025,9,46
29029,123,2055
29041,11,72
29045,9,109
29053,30,348
29055,32,454
29061,7,73
29067,14,204
29075,8,58
29077,656,14377
29085,9,104
29087,8,73
29089,10,122
29093,9,104
29103,3,21
29115,18,232
29117,23,445
29121,21,458
29123,18,208
29127,59,908
29129,4,4
29133,24,263
29141,45,387
29149,13,130
29151,14,222
29153,6,61
29167,40,676
29165,183,4158
29035,10,103
29031,183,4104
29033,14,154
29037,141,2868
29039,21,239
29043,118,2235
29047,411,9099
29049,17,221
29051,145,2879
29057,11,79
29059,18,219
29063,14,186
29065,18,300
29069,49,648
29071,171,3179
29073,32,263
29079,14,194
29081,12,194
29083,45,677
29091,64,1150
29095,1281,28254
29097,237,4566
29099,262,6021
29101,72,1474
29105,52,1000
29107,53,598
29109,47,725
29111,11,93
29113,49,849
29119,21,229
29125,11,48
29131,51,844
29135,17,224
29137,16,129
29139,12,143
29143,26,462
29145,74,1674
29147,28,576
29155,17,229
29157,27,471
29159,68,1504
29161,80,1678
29163,30,316
29171,5,12
29173,6,43
29179,4,42
29169,69,1223
29175,37,622
29177,16,262
29181,12,177
29185,7,78
29195,40,483
29199,5,34
29201,61,985
29203,8,40
29207,42,642
29211,4,6
29215,22,311
29221,13,233
29223,12,92
29227,3,19
30003,8,149
30005,5,18
30009,32,300
30015,8,38
30025,6,21
30061,8,61
30071,8,47
30073,9,44
30075,5,19
30077,10,102
30087,11,82
30089,25,183
30091,8,81
30097,7,108
30105,19,232
30107,5,19
31003,7,22
31011,7,73
31017,4,49
29186,29,441
29183,714,16969
29187,106,1923
29189,1772,36697
29197,3,14
29205,8,40
29209,50,511
29213,181,3938
29217,28,500
29219,36,614
29225,39,640
29229,23,327
29510,732,12300
30001,27,304
30007,8,111
30013,160,2969
30017,29,536
30019,3,5
30021,19,222
30023,21,302
30027,26,339
30029,260,4456
30031,317,6120
30035,20,164
30039,11,69
30041,33,454
30043,21,155
30045,3,20
30047,57,631
30049,139,2469
30051,3,21
30053,42,350
30055,3,21
30057,33,155
30059,9,108
30063,238,5268
30065,4,11
30067,72,673
30081,58,757
30083,25,395
30085,15,157
30093,70,1352
30095,16,128
30099,12,62
30101,10,104
30109,5,12
30111,344,7298
31001,70,1102
31013,16,174
31015,3,18
31023,8,57
31021,8,41
31031,10,136
31035,5,31
31037,15,113
31041,20,256
31057,4,22
31059,6,28
31061,3,12
31063,3,25
31065,5,37
31067,28,415
31087,3,20
31093,7,78
31095,14,131
31097,6,42
31099,4,46
31121,7,126
31125,7,31
31133,3,10
31135,3,34
31143,5,14
31147,13,104
31151,19,161
31169,12,75
31175,5,26
31177,34,409
31185,30,606
32011,4,32
32013,38,513
32021,5,47
31019,109,2177
31025,30,339
31027,10,94
31029,10,59
31033,24,308
31039,13,183
31043,36,341
31045,21,295
31047,43,550
31049,5,44
31051,5,9
31053,73,1192
31055,1159,24263
31071,4,26
31079,111,2461
31081,13,177
31083,7,50
31089,16,199
31131,21,336
31101,24,376
31105,7,78
31107,8,61
31109,587,12019
31111,60,1142
31119,64,1307
31123,8,78
31127,14,126
31129,8,55
31137,18,218
31139,10,142
31141,48,817
31145,25,381
31153,252,5767
31155,28,274
31157,78,1339
31159,30,350
31161,9,71
31163,3,18
31179,15,229
31181,4,16
32001,43,582
32003,4521,102294
32005,103,1369
32007,83,1299
32015,11,119
32017,6,46
32019,67,848
32029,12,114
32023,60,715
32027,6,58
32031,892,16784
33001,166,2492
32033,19,179
32510,126,2349
33003,191,2361
33005,137,1942
33007,61,700
33009,258,3587
33011,800,14663
33013,277,4710
33015,799,13439
33017,237,3978
33019,52,669
34001,629,11112
34003,2333,27017
34005,719,11278
34007,857,12863
34009,609,4142
34011,199,2963
34013,1432,16059
34031,922,9610
34019,245,2787
34015,482,8881
34017,1448,16685
34021,705,9632
34023,1538,19189
34025,1628,24861
34027,1087,15261
34029,1126,14765
34033,79,1081
34035,667,8487
34037,239,2493
34039,1116,12764
34041,198,2293
35003,3,8
35019,9,160
35027,63,942
35029,39,577
35037,16,279
36033,74,673
35005,98,2184
35001,1278,26965
35006,28,401
35007,37,291
35009,76,1830
35011,4,26
35013,270,6742
35015,93,1857
35017,53,660
35023,6,110
35025,121,2122
35028,28,391
35031,94,2140
35035,79,1386
35039,40,638
35041,22,491
35043,146,3146
35045,185,4384
35047,37,702
35049,340,6273
35051,21,290
35053,26,420
35055,87,1154
35057,12,130
35059,4,42
35061,77,1472
36001,762,11490
36003,65,774
36005,1783,15683
36007,364,6059
36009,140,1932
36011,120,1510
36013,236,3050
36015,138,2666
36017,74,729
36019,132,2052
36021,151,1432
36023,88,1300
36025,99,854
36027,670,8267
36041,27,87
36049,42,366
36029,1790,32652
36031,107,927
36035,99,957
36037,105,1704
36039,132,1228
36043,110,1128
36045,236,3180
36047,5498,45897
36051,97,1605
36053,115,1332
36055,1369,24379
36057,82,861
36059,3313,41852
36061,7990,139132
36063,392,5902
36065,436,6195
36067,880,14506
36069,260,4210
36091,435,7146
36099,55,540
36103,3409,45383
36105,172,1057
36075,196,2269
36071,826,9670
36073,49,574
36077,114,1260
36079,182,1599
36081,4910,38786
36083,276,3516
36085,821,8476
36087,706,7009
36089,165,2174
36093,273,3290
36095,36,383
36097,43,355
36101,156,1875
36107,63,711
36109,200,3007
36111,467,4693
36113,225,2752
36115,78,614
36117,129,1525
36119,2199,24896
36121,50,565
37007,29,501
37015,12,147
37033,10,156
37041,21,324
37071,357,7316
37073,4,60
36123,39,428
37001,319,6763
37003,41,657
37005,21,181
37009,45,646
37011,46,655
37013,77,1273
37017,43,597
37019,296,4951
37021,708,13845
37023,129,2480
37025,421,9153
37027,120,1857
37029,10,131
37031,204,3680
37035,323,6460
37037,104,1943
37039,54,843
37043,18,269
37045,150,2807
37047,81,1315
37049,180,3586
37051,622,13341
37053,73,787
37055,267,3555
37057,226,4099
37059,59,957
37061,64,1176
37063,613,11696
37065,51,1022
37067,702,15574
37069,60,855
37075,8,129
37103,7,59
37115,25,256
37143,12,242
37149,46,475
37081,1021,20984
37077,60,1026
37079,17,304
37083,77,1718
37085,156,2896
37087,130,1907
37089,182,3372
37091,34,543
37093,31,507
37095,19,166
37097,335,6973
37099,86,1452
37101,286,6247
37105,121,2229
37107,81,1567
37109,125,2352
37111,70,1054
37113,93,1358
37117,36,642
37119,2391,47885
37121,23,303
37123,37,432
37125,207,3690
37127,156,3638
37129,663,13957
37131,13,114
37133,324,7278
37135,247,4466
37137,20,355
37139,79,1553
37141,110,1795
37145,42,871
37147,340,8204
37151,197,3765
37153,59,916
37155,147,3176
37173,41,504
37177,5,50
37187,17,272
38001,4,32
38019,6,29
38021,9,70
38023,4,29
38025,6,38
38027,4,3
38029,5,12
38039,5,34
38041,3,12
38049,4,16
38051,7,22
38055,14,143
38057,12,139
38063,7,39
38073,10,81
38079,14,103
38093,31,511
38099,13,43
38101,120,2449
37159,203,3914
37157,123,2131
37161,89,1482
37163,74,1161
37165,44,1059
37167,110,1860
37169,53,972
37171,133,2572
37175,77,900
37179,308,6049
37181,56,1281
37183,2251,47915
37185,21,209
37189,136,3328
37191,187,4383
37193,86,1481
37195,132,2973
37197,47,702
37199,22,367
38003,16,203
38007,8,19
38013,4,17
38009,14,108
38011,6,48
38015,178,3975
38017,335,6932
38031,6,77
38033,3,12
38035,128,3015
38037,3,22
38045,8,33
38047,3,28
38053,24,418
38059,44,624
38061,18,136
38067,7,55
38069,7,75
38071,22,451
38075,5,27
38077,25,495
38083,3,9
38089,56,1025
38095,5,21
38097,13,96
38103,13,59
38105,81,1429
39001,28,528
39003,179,4037
39005,78,1406
39007,190,2649
39011,73,1356
39039,74,1374
39049,2501,52396
39067,19,174
39069,41,544
39013,111,2205
39009,114,2342
39015,45,955
39017,627,14287
39019,28,367
39021,47,628
39023,198,4088
39025,313,6879
39027,54,1150
39029,146,2731
39031,44,548
39033,68,1177
39035,2489,45355
39037,64,1046
39041,446,10745
39043,190,3590
39045,228,5454
39047,60,1102
39051,64,1010
39053,41,879
39055,147,2278
39057,315,7248
39059,67,1282
39061,1643,36225
39063,144,3446
39065,44,644
39087,57,1254
39105,20,340
39107,79,1168
39111,19,185
39117,24,368
39123,116,1311
39125,23,194
39131,34,580
39149,75,1431
39075,41,978
39071,51,1064
39073,46,975
39077,86,1387
39079,48,953
39081,93,1468
39083,89,1563
39085,450,8369
39089,276,5039
39091,85,1516
39093,438,8427
39095,861,17135
39097,47,1549
39099,431,8698
39101,91,1831
39103,273,5775
39109,173,3420
39113,914,20285
39115,17,239
39119,148,3205
39121,16,239
39127,44,617
39129,66,1261
39133,247,4936
39135,44,859
39137,55,843
39139,192,4262
39141,116,2683
39143,92,1697
39145,105,2371
39147,85,1471
39159,71,1458
39163,10,106
40001,19,286
40007,4,24
40015,35,353
40021,69,1142
40029,5,69
40035,22,301
40041,53,799
40045,3,59
40049,44,809
40053,4,32
40059,5,14
40071,69,1175
40073,25,269
40075,7,74
40091,30,448
40093,6,52
42041,450,7833
39155,326,6140
39151,672,14317
39153,1009,19447
39157,164,2809
39161,45,769
39165,354,7544
39167,106,2359
39169,153,2716
39171,54,788
39173,252,5390
39175,37,572
40003,6,32
40005,22,277
40009,45,688
40011,15,88
40013,71,1162
40017,215,4527
40019,98,1942
40023,20,308
40025,3,9
40027,489,11271
40031,186,3923
40033,5,41
40037,74,1290
40039,65,934
40043,6,115
40047,98,1930
40051,67,1056
40055,3,43
40061,12,142
40063,16,168
40065,45,878
40067,5,65
40069,12,191
40077,9,198
40079,40,584
40081,42,666
40083,38,563
40085,15,274
40087,71,1082
40089,48,732
40095,31,394
40097,70,1152
40099,28,403
40101,117,2480
40103,15,220
40105,7,75
40107,10,96
40111,43,787
40145,76,1061
40153,44,743
41023,14,128
41027,71,1101
41047,645,10236
41063,26,126
42001,151,2443
42003,2509,45020
42005,86,1202
42007,222,4060
42009,66,928
42011,612,10060
42013,239,4197
42015,79,1013
42017,1221,19372
42019,299,6487
42021,193,3121
42023,12,89
42025,98,1256
42027,262,4983
42029,809,13160
42031,60,1016
42033,131,1782
42035,57,835
42037,131,2056
42039,127,1734
42043,522,8117
40113,35,494
40109,1802,36680
40115,32,551
40117,21,298
40119,142,4043
40121,71,1160
40123,62,1283
40125,109,2391
40127,15,150
40129,5,41
40131,94,1964
40133,28,447
40135,56,828
40137,60,1051
40139,35,531
40141,7,57
40143,1410,29188
40147,90,1499
40149,7,42
40151,16,289
41001,39,438
41003,186,2965
41005,798,12149
41007,190,3121
41009,82,1143
41011,127,1599
41013,37,610
41015,75,851
41017,486,8050
41019,206,2799
41021,4,29
41025,17,126
41029,474,6750
41031,35,503
41033,172,3178
41035,134,1850
41037,15,86
41039,773,12189
41041,186,2418
41043,199,3085
41045,71,992
41049,17,117
41051,2350,32930
41053,122,1779
41055,4,58
41057,85,838
41059,119,1837
41061,54,751
41065,52,799
41067,1100,18717
41071,182,2701
42045,922,14905
42047,53,602
42049,456,8282
42051,188,3220
42053,13,66
42055,218,3706
42057,12,109
42059,49,760
42061,54,832
42063,113,1891
42065,78,860
42067,25,271
42069,418,5928
42071,838,15249
42073,125,1951
42075,176,3040
42077,617,10153
42079,596,8270
42081,199,3411
42083,62,777
42085,179,3307
42087,67,1086
42089,324,4302
42091,1646,27016
42093,31,466
42095,560,8299
42097,134,1365
42099,50,392
42101,3088,38137
42103,71,890
42105,25,207
42107,180,2196
42109,76,1407
42111,92,1252
42113,14,58
42115,48,375
42117,61,795
42119,63,1223
42121,75,1029
42123,50,735
42125,333,5863
42127,94,1037
42129,602,10808
42131,36,358
45061,15,221
42133,633,12127
45001,27,261
45009,19,198
45035,223,4537
45059,75,1373
45069,23,325
45083,528,10383
45089,24,257
46003,5,16
46005,27,361
46009,6,28
46015,9,131
46019,20,200
46023,17,100
46029,59,1282
46045,4,42
46049,3,11
46051,17,150
46053,10,71
46057,8,70
46065,29,531
46067,8,43
46073,4,28
46075,5,17
46077,3,33
46079,22,286
46085,4,88
46097,4,15
46101,8,79
46105,5,25
46107,6,44
46109,14,158
46115,7,76
46117,6,118
46123,11,142
44003,367,7118
44001,120,1801
44005,256,4121
44007,1419,21308
44009,344,5032
45003,262,4904
45005,10,58
45007,358,6657
45011,32,412
45013,483,9197
45015,280,5787
45017,10,64
45019,1154,24939
45021,71,1303
45023,40,642
45025,57,858
45027,35,645
45029,59,1057
45031,86,1502
45033,42,720
45037,20,241
45039,18,184
45041,261,5574
45043,159,3234
45045,1121,21644
45047,122,2546
45049,25,296
45051,1089,21726
45053,46,701
45055,79,1444
45057,137,2586
45063,540,11503
45065,12,69
45067,41,579
45071,60,929
45073,107,1741
45075,127,2499
45077,226,4119
45079,729,15787
45081,16,239
45085,132,3119
45087,31,490
45091,450,9872
46011,54,1116
46013,60,1240
46021,3,12
46025,4,32
46027,26,490
46033,30,226
46035,50,933
46037,12,107
46039,7,68
46041,5,29
46047,16,125
46055,6,27
46059,6,53
46081,69,1093
46083,67,1460
46087,11,48
46091,5,29
46093,32,416
46095,3,21
46099,388,8376
46102,6,68
46103,251,5381
46111,5,22
46119,5,16
46125,8,45
46127,18,238
46129,15,148
46135,42,817
47001,128,2612
47003,60,985
47005,25,405
47007,11,104
47027,7,68
47033,17,141
47039,14,147
47049,15,257
47075,27,388
47079,48,886
47095,6,75
47103,36,584
47109,33,492
47111,26,321
47013,52,770
47009,184,4464
47011,167,3878
47015,12,175
47017,30,491
47019,67,1247
47021,51,802
47023,26,492
47025,28,472
47029,40,823
47031,105,2204
47035,85,1533
47037,1859,38250
47041,19,310
47043,110,1871
47045,61,1301
47047,33,417
47051,56,780
47053,69,1123
47055,40,659
47057,16,142
47059,103,1676
47061,8,61
47063,114,2809
47065,759,17087
47067,5,30
47069,21,248
47071,59,816
47073,61,1021
47077,38,1017
47081,20,214
47083,17,88
47085,31,382
47087,11,127
47089,63,1223
47091,27,300
47093,959,22881
47097,20,345
47099,60,1154
47101,19,328
47105,80,1599
47107,81,1632
47129,10,138
47131,43,731
47137,9,60
47113,209,4901
47115,51,929
47117,38,575
47119,179,3684
47121,11,133
47123,79,1377
47125,378,8441
47127,10,54
47133,27,459
47135,6,76
47139,18,198
47141,170,3902
47143,53,872
47145,61,1228
47151,25,466
47159,26,385
47169,10,208
47181,12,159
47185,33,523
48003,33,396
48009,5,32
48011,3,12
48013,59,1384
48019,29,392
48041,432,10467
48069,12,197
48075,19,503
48087,6,37
48095,4,57
48097,80,1737
48101,3,7
48149,60,827
48153,8,44
48267,15,137
47149,577,13520
47147,106,1828
47153,19,336
47155,392,10499
47157,1590,31577
47161,12,145
47163,294,6256
47165,287,6081
47167,70,1131
47171,23,365
47173,20,223
47177,55,992
47179,282,6340
47183,51,746
47187,517,11998
47189,246,5332
48001,68,1264
48005,132,3088
48007,55,1038
48015,49,600
48017,13,201
48021,118,2022
48023,7,63
48025,40,626
48027,585,12407
48029,3497,79495
48031,30,418
48035,19,170
48037,177,4398
48039,607,13237
48043,28,412
48047,9,234
48049,65,1235
48051,24,491
48053,93,1307
48055,59,927
48057,48,545
48059,18,240
48061,651,13235
48063,16,433
48065,6,66
48067,42,647
48071,66,1603
48073,55,943
48077,7,111
48079,3,3
48081,5,25
48083,18,211
48085,2331,44335
48089,35,485
48091,322,7583
48093,24,195
48099,81,1544
48103,6,54
48105,11,127
48109,5,79
48111,17,280
48113,5242,102642
48115,25,337
48117,30,340
48119,3,27
48121,1732,31814
48123,37,457
48127,14,271
48129,5,66
48131,10,73
48133,42,453
48135,263,6531
48139,297,6102
48141,1525,31979
48143,87,1605
48145,16,206
48147,29,756
48151,3,27
48161,25,459
48163,26,329
48185,35,326
48191,7,83
48199,77,1243
48205,3,31
48211,6,57
48223,57,1066
48237,14,115
48239,17,258
48157,1296,27490
48159,16,266
48165,34,497
48167,637,13709
48169,7,105
48171,75,1688
48175,11,122
48177,36,406
48179,38,627
48181,210,4264
48183,296,6303
48187,185,3938
48189,39,789
48193,21,243
48195,6,63
48197,7,63
48201,8690,186568
48203,83,1735
48207,10,105
48209,402,9917
48213,139,2245
48215,1107,24283
48217,46,824
48219,34,507
48221,115,1984
48225,33,362
48227,59,904
48231,128,2658
48233,39,611
48241,42,801
48243,5,21
48245,445,9183
48247,7,52
48249,64,1088
48251,277,4801
48253,24,178
48255,26,422
48257,187,3747
48259,93,1511
48265,111,1756
48275,6,39
48281,32,486
48297,24,255
48299,32,410
48315,16,290
48317,3,42
48319,10,106
48365,25,397
48371,29,367
48383,6,62
48387,11,55
48401,59,877
48403,8,68
48411,14,82
48417,6,58
48441,275,6042
48453,2591,58414
48457,17,236
48463,48,738
48273,60,1283
48277,93,1728
48279,11,176
48283,12,228
48285,22,275
48287,31,277
48289,30,326
48291,96,1566
48293,30,439
48303,612,15171
48305,4,12
48307,19,211
48309,458,10315
48313,35,477
48321,61,778
48323,58,1234
48325,71,1140
48327,3,17
48329,342,6941
48331,32,421
48333,7,77
48335,13,162
48337,25,386
48339,1006,23990
48341,38,518
48343,13,104
48347,90,2130
48349,60,1302
48351,7,26
48353,28,464
48355,730,16555
48357,23,286
48359,4,29
48361,115,2116
48363,57,860
48367,218,4407
48369,7,43
48373,60,1051
48375,276,6806
48379,20,205
48377,13,141
48381,217,4659
48385,7,64
48389,26,361
48391,18,208
48395,26,358
48397,233,5254
48399,18,201
48405,4,65
48407,18,185
48409,134,2285
48415,34,539
48419,31,412
48423,452,9759
48425,24,298
48427,58,922
48429,19,243
48433,4,32
48435,7,111
48437,8,94
48439,3859,82257
48445,23,263
48447,5,23
48449,55,1049
48451,222,4623
48455,15,167
48459,41,872
48461,4,18
48483,14,92
48489,20,275
48465,63,1435
48467,82,1280
48469,171,3451
48471,85,1854
48473,54,768
48475,22,261
48477,73,1155
48479,397,8813
48481,68,1038
48485,229,5555
48487,23,286
48491,1057,21688
48493,66,820
48495,9,102
48497,93,1557
48499,66,1022
48501,13,91
48503,40,522
48505,16,165
49013,26,340
49015,13,140
49029,8,73
49041,39,654
50005,53,566
50009,6,55
48507,11,101
49001,22,242
49003,77,1454
49005,176,4133
49007,33,580
49011,470,10326
49017,23,152
49019,51,1314
49021,110,2062
49023,20,280
49025,24,302
49027,23,266
49033,15,94
49035,2086,42203
49037,20,140
49039,31,426
49043,159,3872
49045,81,1457
49047,63,1207
49049,922,19308
49051,51,1124
49053,337,7451
49055,18,100
49057,393,7804
50001,59,704
50003,84,1045
50007,346,5839
50011,68,810
50013,9,56
50015,72,945
50017,33,279
50019,40,497
50021,121,1756
50023,103,1652
50025,132,1362
50027,116,1241
51017,6,38
51023,43,669
51029,6,60
51045,4,10
51049,10,78
51051,10,175
51059,2149,36281
51071,23,355
51083,46,819
51113,11,109
51115,13,162
51127,33,393
51005,18,297
51001,65,618
51003,167,3094
51007,9,123
51009,38,546
51011,16,214
51013,547,10945
51015,70,1122
51019,90,1252
51021,5,29
51025,10,76
51027,15,245
51031,65,1237
51033,31,505
51035,27,441
51037,10,141
51041,552,11575
51043,17,167
51047,70,1279
51053,18,362
51057,23,388
51061,103,1794
51063,17,184
51065,18,208
51067,70,1016
51069,106,2029
51073,61,1067
51075,27,395
51077,8,85
51079,23,331
51085,183,3645
51087,644,12582
51089,60,1002
51093,58,921
51095,113,2052
51099,33,458
51101,27,385
51103,31,295
51105,18,276
51107,740,13591
51109,39,506
51111,5,25
51117,54,935
51119,23,238
51121,183,3996
51125,11,266
51131,32,359
51133,13,101
51135,24,264
51137,60,937
51157,12,164
51159,12,146
51175,4,51
51185,64,1168
51187,67,1110
51530,10,120
51580,17,301
51678,31,406
51730,66,695
51143,45,487
51139,35,387
51141,19,159
51145,33,553
51147,37,728
51149,32,551
51153,729,13760
51155,53,842
51161,124,2376
51163,26,397
51165,85,1149
51167,31,490
51169,20,362
51171,73,914
51173,43,599
51177,190,4106
51179,174,3229
51181,3,53
51183,13,200
51191,82,1419
51193,27,203
51195,56,1027
51197,54,991
51199,135,2475
51510,346,7076
51520,61,1307
51540,242,4249
51550,469,9879
51570,81,2044
51590,131,3329
51595,22,489
51600,190,2951
51610,101,1260
51620,23,438
51630,164,3596
51640,30,495
51650,244,5059
51660,173,3892
51670,40,683
51680,205,4669
51683,118,1674
51685,12,84
51690,37,667
51700,354,7202
51710,537,8560
51720,24,390
51735,24,313
51740,146,2201
51750,24,487
53001,30,328
53003,30,607
53039,37,310
53049,59,481
53051,16,158
54065,19,235
54071,11,59
54075,17,155
51775,67,1423
51760,580,9342
51770,256,5065
51790,71,1272
51800,146,3286
51810,1117,21031
51820,60,1280
51830,104,2302
51840,125,2319
53005,377,6844
53007,216,3200
53009,151,1776
53011,737,12928
53013,7,41
53015,171,2870
53017,50,977
53019,9,48
53021,134,1948
53025,164,2106
53027,161,1827
53029,130,1893
53031,72,630
53033,5385,79155
53035,491,7719
53037,124,1720
53041,166,2186
53043,14,79
53045,88,983
53047,61,628
54047,8,110
54063,10,91
54101,6,24
53065,57,644
54011,217,4699
54015,3,32
54017,4,32
54023,17,196
54027,19,252
54045,51,843
54051,34,668
54085,11,153
54087,11,111
54089,8,126
54093,26,207
54095,8,67
54109,21,252
55007,50,244
55009,443,9204
55011,25,151
55043,70,1007
55047,32,279
55049,38,363
55053,34,396
55067,42,466
53057,272,3946
53053,1485,25222
53055,61,411
53059,12,118
53061,1498,22182
53063,985,16820
53067,501,8160
53069,7,38
53071,108,1717
53073,457,6546
53075,82,1437
53077,414,6107
54001,18,200
54003,160,3010
54005,12,224
54007,19,244
54009,37,560
54013,5,31
54019,56,884
54021,6,56
54025,64,921
54029,53,873
54031,19,279
54033,140,2848
54035,38,751
54037,94,1502
54039,346,6773
54041,29,362
54043,10,94
54049,87,1488
54053,22,324
54055,80,1785
54057,34,413
54059,16,262
54061,251,4997
54067,42,663
54069,96,2097
54073,11,158
54077,23,205
54079,84,1644
54081,102,2521
54083,39,643
54091,15,156
54097,38,518
54099,28,363
54103,25,416
54107,167,3432
55001,31,388
55003,35,481
55005,94,1244
55013,41,316
55015,58,1225
55017,100,1365
55019,46,327
55021,126,1474
55023,30,459
55025,1052,20181
55027,101,1342
55029,142,1267
55031,73,1071
55033,67,1085
55035,195,3875
55037,13,127
55039,160,3195
55041,18,93
55045,61,788
55051,20,166
55055,136,2057
55057,39,423
55059,267,5659
55061,31,316
55063,208,4862
55065,18,132
55075,83,1022
55069,58,610
55071,118,1779
55073,220,3675
55077,21,190
55078,3,23
55093,62,804
55103,20,284
55119,29,368
55133,691,14389
55135,89,1039
55137,34,376
56003,16,114
55083,57,506
55079,1571,28764
55081,60,1120
55085,107,1053
55087,349,6423
55089,164,2910
55091,22,175
55095,70,907
55097,134,2086
55099,26,177
55101,295,4879
55105,253,5006
55107,24,192
55109,157,3322
55111,148,3388
55113,56,385
55115,71,914
55117,196,3087
55121,42,469
55123,36,495
55125,104,815
55127,225,3285
55129,35,366
55131,214,4103
55139,264,4986
55141,115,1680
56001,74,1507
56005,78,1722
56007,42,434
56009,21,353
56011,11,87
56013,70,952
56015,20,325
56017,10,157
56019,19,211
56021,153,3116
56023,41,256
56045,10,112
60010,6,129
66110,3,37
72005,113,1101
72017,41,746
72031,221,3767
72037,8,113
72051,72,1193
72054,8,28
72063,41,445
72079,29,310
72089,28,491
72107,26,203
72109,17,129
72117,45,359
72133,35,597
72141,20,177
72143,40,461
72145,47,497
72147,18,210
56029,58,798
56025,141,3036
56031,20,169
56033,72,1109
56035,14,145
56037,77,1447
56039,82,1942
56041,35,412
56043,18,145
60050,5,132
66030,7,72
66050,23,208
66070,75,1129
66075,39,689
66090,17,219
66120,4,22
66160,208,3404
66180,18,159
69110,121,953
72001,16,115
72003,75,581
72007,15,122
72009,30,275
72011,35,862
72013,101,1244
72015,13,174
72019,34,305
72021,286,4204
72023,88,818
72025,235,3270
72027,39,322
72029,47,567
72033,23,659
72035,58,746
72039,10,110
72041,46,397
72043,46,423
72045,7,39
72047,42,365
72049,10,63
72053,58,869
72055,10,112
72059,18,200
72057,59,899
72061,213,3231
72065,69,1086
72067,20,271
72069,70,975
72071,77,720
72073,16,139
72075,26,327
72077,28,335
72083,5,15
72081,25,237
72085,32,379
72087,17,206
72091,50,706
72093,3,31
72095,7,37
72097,143,2347
72099,44,260
72101,30,193
72103,26,179
72105,33,271
72111,17,123
72113,219,3174
72115,24,219
72119,41,487
72121,19,115
72123,30,468
72125,37,491
72127,973,15995
72129,29,239
72131,53,474
72135,37,399
72137,84,913
72139,47,563
72149,17,149
78020,29,446
78030,103,1847
72151,17,157
72153,45,535
78010,76,838
